-- MySQL dump 10.13  Distrib 5.7.24, for Linux (x86_64)
--
-- Host: 172.18.0.2    Database: cias
-- ------------------------------------------------------
-- Server version	8.0.13

/*!40101 SET @OLD_CHARACTER_SET_CLIENT=@@CHARACTER_SET_CLIENT */;
/*!40101 SET @OLD_CHARACTER_SET_RESULTS=@@CHARACTER_SET_RESULTS */;
/*!40101 SET @OLD_COLLATION_CONNECTION=@@COLLATION_CONNECTION */;
/*!40101 SET NAMES utf8 */;
/*!40103 SET @OLD_TIME_ZONE=@@TIME_ZONE */;
/*!40103 SET TIME_ZONE='+00:00' */;
/*!40014 SET @OLD_UNIQUE_CHECKS=@@UNIQUE_CHECKS, UNIQUE_CHECKS=0 */;
/*!40014 SET @OLD_FOREIGN_KEY_CHECKS=@@FOREIGN_KEY_CHECKS, FOREIGN_KEY_CHECKS=0 */;
/*!40101 SET @OLD_SQL_MODE=@@SQL_MODE, SQL_MODE='NO_AUTO_VALUE_ON_ZERO' */;
/*!40111 SET @OLD_SQL_NOTES=@@SQL_NOTES, SQL_NOTES=0 */;

--
-- Table structure for table `ci_sessions`
--

DROP TABLE IF EXISTS `ci_sessions`;
/*!40101 SET @saved_cs_client     = @@character_set_client */;
/*!40101 SET character_set_client = utf8 */;
CREATE TABLE `ci_sessions` (
  `session_id` varchar(40) NOT NULL DEFAULT '0',
  `ip_address` varchar(45) NOT NULL DEFAULT '0',
  `user_agent` varchar(120) NOT NULL,
  `last_activity` int(10) unsigned NOT NULL DEFAULT '0',
  `user_data` text NOT NULL,
  PRIMARY KEY (`session_id`),
  KEY `last_activity_idx` (`last_activity`)
) ENGINE=InnoDB DEFAULT CHARSET=utf8;
/*!40101 SET character_set_client = @saved_cs_client */;

--
-- Dumping data for table `ci_sessions`
--

LOCK TABLES `ci_sessions` WRITE;
/*!40000 ALTER TABLE `ci_sessions` DISABLE KEYS */;
/*!40000 ALTER TABLE `ci_sessions` ENABLE KEYS */;
UNLOCK TABLES;

--
-- Table structure for table `contenidos`
--

DROP TABLE IF EXISTS `contenidos`;
/*!40101 SET @saved_cs_client     = @@character_set_client */;
/*!40101 SET character_set_client = utf8 */;
CREATE TABLE `contenidos` (
  `id` int(11) NOT NULL AUTO_INCREMENT,
  `name` varchar(100) CHARACTER SET utf8 COLLATE utf8_unicode_ci NOT NULL,
  `tipo` varchar(255) CHARACTER SET utf8 COLLATE utf8_unicode_ci NOT NULL,
  `contenido` varchar(255) CHARACTER SET utf8 COLLATE utf8_unicode_ci NOT NULL,
  `created` datetime NOT NULL,
  `modified` datetime NOT NULL,
  `status` tinyint(1) NOT NULL DEFAULT '1' COMMENT '1=Active, 0=Inactive',
  PRIMARY KEY (`id`)
) ENGINE=InnoDB AUTO_INCREMENT=357 DEFAULT CHARSET=utf8 COLLATE=utf8_unicode_ci;
/*!40101 SET character_set_client = @saved_cs_client */;

--
-- Dumping data for table `contenidos`
--

LOCK TABLES `contenidos` WRITE;
/*!40000 ALTER TABLE `contenidos` DISABLE KEYS */;
INSERT INTO `contenidos` VALUES (161,'','Controller','Unidad6Tema1Teorico1.php','2018-06-22 23:58:50','2018-06-22 23:58:50',1),(168,'','Controller','Unidad6Tema1Practico1.php','2018-06-23 00:52:11','2018-06-23 00:52:11',1),(169,'','Controller','Unidad6.php','2018-06-23 00:54:21','2018-06-23 00:54:21',1),(175,'','Controller','Unidad4.php','2018-06-25 02:53:06','2018-06-25 02:53:06',1),(176,'','Controller','Unidad4Tema1.php','2018-06-25 02:53:12','2018-06-25 02:53:12',1),(177,'','Controller','Unidad4Tema1Practico1.php','2018-06-25 02:53:16','2018-06-25 02:53:16',1),(178,'','Controller','Unidad4Tema1Teorico1.php','2018-06-25 02:53:22','2018-06-25 02:53:22',1),(181,'','Config','constants.php','2018-06-25 03:11:12','2018-06-25 03:11:12',1),(182,'','Controller','Unidad1Tema1Practico2.php','2018-06-25 03:16:21','2018-06-25 03:16:21',1),(186,'','Controller','Unidad4Tema1Practico2.php','2018-06-25 03:20:33','2018-06-25 03:20:33',1),(190,'','Controller','Unidad4Tema1Practico3.php','2018-06-27 04:05:00','2018-06-27 04:05:00',1),(191,'','Controller','Unidad4Tema1Teorico3.php','2018-06-27 04:05:24','2018-06-27 04:05:24',1),(197,'','Controller','Unidad5.php','2018-06-28 00:16:14','2018-06-28 00:16:14',1),(198,'','Controller','Unidad5Tema1.php','2018-06-28 00:16:19','2018-06-28 00:16:19',1),(199,'','Controller','Unidad5Tema1Practico1.php','2018-06-28 00:16:24','2018-06-28 00:16:24',1),(200,'','Controller','Unidad5Tema1Teorico1.php','2018-06-28 00:16:28','2018-06-28 00:16:28',1),(203,'','Controller','Unidad5Tema1Practico2.php','2018-06-28 02:45:56','2018-06-28 02:45:56',1),(204,'','Controller','Unidad5Tema1Teorico2.php','2018-06-28 02:46:05','2018-06-28 02:46:05',1),(211,'','Controller','Unidad5Tema1Practico3.php','2018-06-29 00:34:13','2018-06-29 00:34:13',1),(212,'','Controller','Unidad5Tema1Practico4.php','2018-06-29 00:34:18','2018-06-29 00:34:18',1),(213,'','Controller','Unidad5Tema1Practico5.php','2018-06-29 00:34:23','2018-06-29 00:34:23',1),(214,'','Controller','Unidad5Tema1Teorico3.php','2018-06-29 00:34:27','2018-06-29 00:34:27',1),(215,'','Controller','Unidad5Tema1Teorico4.php','2018-06-29 00:34:31','2018-06-29 00:34:31',1),(216,'','Controller','Unidad5Tema1Teorico5.php','2018-06-29 00:34:35','2018-06-29 00:34:35',1),(226,'','Controller','Unidad5Tema2.php','2018-06-30 00:46:58','2018-06-30 00:46:58',1),(227,'','Controller','Unidad5Tema2Practico1.php','2018-06-30 00:47:03','2018-06-30 00:47:03',1),(228,'','Controller','Unidad5Tema2Practico2.php','2018-06-30 00:47:08','2018-06-30 00:47:08',1),(229,'','Controller','Unidad5Tema2Practico3.php','2018-06-30 00:47:11','2018-06-30 00:47:11',1),(230,'','Controller','Unidad5Tema2Teorico1.php','2018-06-30 00:47:15','2018-06-30 00:47:15',1),(231,'','Controller','Unidad5Tema2Teorico2.php','2018-06-30 00:47:18','2018-06-30 00:47:18',1),(232,'','Controller','Unidad5Tema2Teorico3.php','2018-06-30 00:47:21','2018-06-30 00:47:21',1),(235,'','Vista','Unidad6Tema1Practico2Tutorial.php','2018-07-07 02:04:50','2018-07-07 02:04:50',1),(242,'','Codigo','lanzamoneda.m','2018-07-10 00:41:05','2018-07-10 00:41:05',1),(243,'','Codigo','Unidad6Tema1Practico2.m','2018-07-10 00:59:57','2018-07-10 00:59:57',1),(247,'','Vista','Unidad6Tema2Practico1Tutorial.php','2018-07-11 03:52:04','2018-07-11 03:52:04',1),(252,'','Vista','Unidad7Tema1Practico1Tutorial.php','2018-08-11 22:27:59','2018-08-11 22:27:59',1),(256,'','Imagenes','mm2.png','2018-08-19 02:42:22','2018-08-19 02:42:22',1),(258,'','Imagenes','mm2v2.png','2018-08-19 03:57:13','2018-08-19 03:57:13',1),(261,'','Imagenes','uniformeDiscreta.svg','2018-08-23 03:26:48','2018-08-23 03:26:48',1),(262,'','Imagenes','poisson.svg','2018-08-24 04:23:40','2018-08-24 04:23:40',1),(263,'','Imagenes','binomial.png','2018-08-24 04:34:43','2018-08-24 04:34:43',1),(264,'','Imagenes','geometrica.svg','2018-08-24 04:50:57','2018-08-24 04:50:57',1),(266,'','Imagenes','uniformecontinua.png','2018-08-24 05:02:29','2018-08-24 05:02:29',1),(267,'','Imagenes','exponencialcontinua.svg','2018-08-24 05:10:13','2018-08-24 05:10:13',1),(268,'','Imagenes','poisson2.png','2018-08-24 22:42:51','2018-08-24 22:42:51',1),(269,'','Imagenes','normal0.png','2018-08-24 23:53:24','2018-08-24 23:53:24',1),(270,'','Imagenes','normal1.svg','2018-08-24 23:53:35','2018-08-24 23:53:35',1),(271,'','Imagenes','dulces.png','2018-08-25 05:45:33','2018-08-25 05:45:33',1),(272,'','Imagenes','eqn.png','2018-08-25 23:25:27','2018-08-25 23:25:27',1),(273,'','Imagenes','eqn2.png','2018-08-25 23:25:34','2018-08-25 23:25:34',1),(276,'','Imagenes','eqn3.png','2018-08-26 00:24:02','2018-08-26 00:24:02',1),(277,'','Imagenes','mm1.png','2018-08-26 05:55:26','2018-08-26 05:55:26',1),(282,'','Vista','404.php','2019-01-13 18:46:51','2019-01-13 18:46:51',1),(283,'','Vista','access.php','2019-01-13 18:46:57','2019-01-13 18:46:57',1),(284,'','Vista','addNew.php','2019-01-13 18:47:04','2019-01-13 18:47:04',1),(285,'','Vista','ayuda.php','2019-01-13 18:47:10','2019-01-13 18:47:10',1),(286,'','Vista','changePassword.php','2019-01-13 18:47:18','2019-01-13 18:47:18',1),(287,'','Vista','dashboard.php','2019-01-13 18:48:13','2019-01-13 18:48:13',1),(288,'','Vista','editOld.php','2019-01-13 18:48:21','2019-01-13 18:48:21',1),(289,'','Vista','editorStackblitz.php','2019-01-13 18:48:30','2019-01-13 18:48:30',1),(290,'','Vista','editorSummernote.php','2019-01-13 18:48:38','2019-01-13 18:48:38',1),(291,'','Vista','forgotPassword.php','2019-01-13 18:48:45','2019-01-13 18:48:45',1),(292,'','Vista','login.php','2019-01-13 18:48:54','2019-01-13 18:48:54',1),(293,'','Vista','newPassword.php','2019-01-13 18:49:02','2019-01-13 18:49:02',1),(294,'','Vista','prueba.php','2019-01-13 18:49:08','2019-01-13 18:49:08',1),(295,'','Vista','subir.php','2019-01-13 18:49:14','2019-01-13 18:49:14',1),(296,'','Vista','subir1.php','2019-01-13 18:49:21','2019-01-13 18:49:21',1),(297,'','Vista','Unidad4.php','2019-01-13 18:49:28','2019-01-13 18:49:28',1),(298,'','Vista','Unidad4Tema1.php','2019-01-13 18:49:34','2019-01-13 18:49:34',1),(299,'','Vista','Unidad4Tema1Practico1.php','2019-01-13 18:49:42','2019-01-13 18:49:42',1),(300,'','Vista','Unidad4Tema1Practico2.php','2019-01-13 18:49:48','2019-01-13 18:49:48',1),(301,'','Vista','Unidad4Tema1Practico3.php','2019-01-13 18:49:56','2019-01-13 18:49:56',1),(302,'','Vista','Unidad4Tema1Teorico1.php','2019-01-13 18:50:05','2019-01-13 18:50:05',1),(303,'','Vista','Unidad4Tema1Teorico2.php','2019-01-13 18:50:12','2019-01-13 18:50:12',1),(304,'','Vista','Unidad4Tema1Teorico3.php','2019-01-13 18:50:19','2019-01-13 18:50:19',1),(305,'','Vista','Unidad5.php','2019-01-13 18:50:26','2019-01-13 18:50:26',1),(306,'','Vista','Unidad5Tema1.php','2019-01-13 18:50:35','2019-01-13 18:50:35',1),(308,'','Vista','Unidad5Tema1Practico1.php','2019-01-13 18:50:57','2019-01-13 18:50:57',1),(309,'','Vista','Unidad5Tema1Practico2.php','2019-01-13 18:51:13','2019-01-13 18:51:13',1),(310,'','Vista','Unidad5Tema1Practico3.php','2019-01-13 18:51:22','2019-01-13 18:51:22',1),(311,'','Vista','Unidad5Tema1Practico4.php','2019-01-13 18:51:31','2019-01-13 18:51:31',1),(312,'','Vista','Unidad5Tema1Practico5.php','2019-01-13 18:51:40','2019-01-13 18:51:40',1),(313,'','Vista','Unidad5Tema1Teorico1.php','2019-01-13 18:52:00','2019-01-13 18:52:00',1),(314,'','Vista','Unidad5Tema1Teorico2.php','2019-01-13 18:52:18','2019-01-13 18:52:18',1),(315,'','Vista','Unidad5Tema1Teorico3.php','2019-01-13 18:52:33','2019-01-13 18:52:33',1),(316,'','Vista','Unidad5Tema1Teorico4.php','2019-01-13 18:52:41','2019-01-13 18:52:41',1),(317,'','Vista','Unidad5Tema1Teorico5.php','2019-01-13 18:52:49','2019-01-13 18:52:49',1),(318,'','Vista','Unidad5Tema2.php','2019-01-13 18:52:58','2019-01-13 18:52:58',1),(319,'','Vista','Unidad5Tema2Practico1.php','2019-01-13 18:53:07','2019-01-13 18:53:07',1),(320,'','Vista','Unidad5Tema2Practico2.php','2019-01-13 18:53:28','2019-01-13 18:53:28',1),(321,'','Vista','Unidad5Tema2Practico3.php','2019-01-13 18:53:45','2019-01-13 18:53:45',1),(322,'','Vista','Unidad5Tema2Teorico1.php','2019-01-13 18:53:59','2019-01-13 18:53:59',1),(323,'','Vista','Unidad5Tema2Teorico2.php','2019-01-13 18:54:07','2019-01-13 18:54:07',1),(324,'','Vista','Unidad5Tema2Teorico3.php','2019-01-13 18:54:16','2019-01-13 18:54:16',1),(325,'','Vista','Unidad6.php','2019-01-13 18:54:27','2019-01-13 18:54:27',1),(326,'','Vista','Unidad6Tema1.php','2019-01-13 18:54:50','2019-01-13 18:54:50',1),(327,'','Vista','Unidad6Tema1Practico1.php','2019-01-13 18:54:59','2019-01-13 18:54:59',1),(329,'','Vista','Unidad6Tema1Teorico1.php','2019-01-13 18:55:30','2019-01-13 18:55:30',1),(330,'','Vista','Unidad6Tema1Teorico2.php','2019-01-13 18:55:39','2019-01-13 18:55:39',1),(331,'','Vista','Unidad6Tema2.php','2019-01-13 18:55:50','2019-01-13 18:55:50',1),(332,'','Vista','Unidad6Tema2Practico1.php','2019-01-13 18:56:00','2019-01-13 18:56:00',1),(333,'','Vista','Unidad6Tema1Practico2.php','2019-01-13 18:56:10','2019-01-13 18:56:10',1),(334,'','Vista','Unidad6Tema2Practico2.php','2019-01-13 18:56:46','2019-01-13 18:56:46',1),(335,'','Vista','Unidad6Tema2Teorico1.php','2019-01-13 18:57:02','2019-01-13 18:57:02',1),(336,'','Vista','Unidad7.php','2019-01-13 18:57:12','2019-01-13 18:57:12',1),(337,'','Vista','Unidad7Tema1.php','2019-01-13 18:57:25','2019-01-13 18:57:25',1),(338,'','Vista','Unidad7Tema1Practico1.php','2019-01-13 18:57:55','2019-01-13 18:57:55',1),(339,'','Vista','Unidad7Tema1Practico2.php','2019-01-13 18:58:03','2019-01-13 18:58:03',1),(340,'','Vista','Unidad7Tema1Practico3.php','2019-01-13 18:58:14','2019-01-13 18:58:14',1),(341,'','Vista','Unidad7Tema1Teorico1.php','2019-01-13 18:59:46','2019-01-13 18:59:46',1),(342,'','Vista','Unidad7Tema1Teorico3.php','2019-01-13 18:59:57','2019-01-13 18:59:57',1),(343,'','Vista','Unidad7Tema1Teorico2.php','2019-01-13 19:00:05','2019-01-13 19:00:05',1),(344,'','Vista','Unidad7Tema2.php','2019-01-13 19:00:15','2019-01-13 19:00:15',1),(345,'','Vista','Unidad7Tema2Practico1.php','2019-01-13 19:00:27','2019-01-13 19:00:27',1),(346,'','Vista','Unidad7Tema2Practico2.php','2019-01-13 19:00:36','2019-01-13 19:00:36',1),(347,'','Vista','Unidad7Tema2Practico3.php','2019-01-13 19:00:45','2019-01-13 19:00:45',1),(348,'','Vista','Unidad7Tema2Practico4.php','2019-01-13 19:00:51','2019-01-13 19:00:51',1),(349,'','Vista','Unidad7Tema2Practico5.php','2019-01-13 19:00:59','2019-01-13 19:00:59',1),(350,'','Vista','Unidad7Tema2Teorico1.php','2019-01-13 19:01:12','2019-01-13 19:01:12',1),(351,'','Vista','Unidad7Tema2Teorico2.php','2019-01-13 19:01:20','2019-01-13 19:01:20',1),(352,'','Vista','Unidad7Tema3.php','2019-01-13 19:01:38','2019-01-13 19:01:38',1),(353,'','Vista','Unidad7Tema3Practico1.php','2019-01-13 19:01:49','2019-01-13 19:01:49',1),(354,'','Vista','Unidad7Tema3Teorico1.php','2019-01-13 19:02:00','2019-01-13 19:02:00',1),(355,'','Vista','users.php','2019-01-13 19:02:11','2019-01-13 19:02:11',1),(356,'','Javascript','funciones_simulador.js','2019-01-13 19:16:22','2019-01-13 19:16:22',1);
/*!40000 ALTER TABLE `contenidos` ENABLE KEYS */;
UNLOCK TABLES;

--
-- Table structure for table `tbl_last_login`
--

DROP TABLE IF EXISTS `tbl_last_login`;
/*!40101 SET @saved_cs_client     = @@character_set_client */;
/*!40101 SET character_set_client = utf8 */;
CREATE TABLE `tbl_last_login` (
  `id` bigint(20) NOT NULL AUTO_INCREMENT,
  `userId` bigint(20) NOT NULL,
  `sessionData` varchar(2048) NOT NULL,
  `machineIp` varchar(1024) NOT NULL,
  `userAgent` varchar(128) NOT NULL,
  `agentString` varchar(1024) NOT NULL,
  `platform` varchar(128) NOT NULL,
  `createdDtm` datetime NOT NULL DEFAULT CURRENT_TIMESTAMP,
  PRIMARY KEY (`id`)
) ENGINE=InnoDB AUTO_INCREMENT=174 DEFAULT CHARSET=utf8;
/*!40101 SET character_set_client = @saved_cs_client */;

--
-- Dumping data for table `tbl_last_login`
--

LOCK TABLES `tbl_last_login` WRITE;
/*!40000 ALTER TABLE `tbl_last_login` DISABLE KEYS */;
INSERT INTO `tbl_last_login` VALUES (1,1,'{\"role\":\"1\",\"roleText\":\"System Administrator\",\"name\":\"System Administrator\"}','::1','Chrome 68.0.3416.0','Mozilla/5.0 (Windows NT 10.0; Win64; x64) AppleWebKit/537.36 (KHTML, like Gecko) Chrome/68.0.3416.0 Safari/537.36','Windows 10','2018-05-23 15:33:31'),(2,3,'{\"role\":\"3\",\"roleText\":\"Employee\",\"name\":\"Employee\"}','::1','Chrome 68.0.3416.0','Mozilla/5.0 (Windows NT 10.0; Win64; x64) AppleWebKit/537.36 (KHTML, like Gecko) Chrome/68.0.3416.0 Safari/537.36','Windows 10','2018-05-23 16:24:15'),(3,3,'{\"role\":\"3\",\"roleText\":\"Employee\",\"name\":\"Employee\"}','::1','Chrome 68.0.3416.0','Mozilla/5.0 (Windows NT 10.0; Win64; x64) AppleWebKit/537.36 (KHTML, like Gecko) Chrome/68.0.3416.0 Safari/537.36','Windows 10','2018-05-23 16:25:02'),(4,3,'{\"role\":\"3\",\"roleText\":\"Employee\",\"name\":\"Employee\"}','::1','Chrome 68.0.3416.0','Mozilla/5.0 (Windows NT 10.0; Win64; x64) AppleWebKit/537.36 (KHTML, like Gecko) Chrome/68.0.3416.0 Safari/537.36','Windows 10','2018-05-23 16:28:36'),(5,1,'{\"role\":\"1\",\"roleText\":\"System Administrator\",\"name\":\"System Administrator\"}','::1','Chrome 68.0.3416.0','Mozilla/5.0 (Windows NT 10.0; Win64; x64) AppleWebKit/537.36 (KHTML, like Gecko) Chrome/68.0.3416.0 Safari/537.36','Windows 10','2018-05-23 16:39:14'),(6,1,'{\"role\":\"1\",\"roleText\":\"System Administrator\",\"name\":\"System Administrator\"}','::1','Chrome 68.0.3416.0','Mozilla/5.0 (Windows NT 10.0; Win64; x64) AppleWebKit/537.36 (KHTML, like Gecko) Chrome/68.0.3416.0 Safari/537.36','Windows 10','2018-05-29 03:26:36'),(7,3,'{\"role\":\"3\",\"roleText\":\"Employee\",\"name\":\"Employee\"}','::1','Chrome 68.0.3416.0','Mozilla/5.0 (Windows NT 10.0; Win64; x64) AppleWebKit/537.36 (KHTML, like Gecko) Chrome/68.0.3416.0 Safari/537.36','Windows 10','2018-05-29 03:34:19'),(8,1,'{\"role\":\"1\",\"roleText\":\"System Administrator\",\"name\":\"System Administrator\"}','::1','Chrome 68.0.3416.0','Mozilla/5.0 (Windows NT 10.0; Win64; x64) AppleWebKit/537.36 (KHTML, like Gecko) Chrome/68.0.3416.0 Safari/537.36','Windows 10','2018-06-12 23:41:09'),(9,3,'{\"role\":\"3\",\"roleText\":\"Employee\",\"name\":\"Employee\"}','::1','Chrome 68.0.3416.0','Mozilla/5.0 (Windows NT 10.0; Win64; x64) AppleWebKit/537.36 (KHTML, like Gecko) Chrome/68.0.3416.0 Safari/537.36','Windows 10','2018-06-12 23:41:22'),(10,3,'{\"role\":\"3\",\"roleText\":\"Employee\",\"name\":\"Employee\"}','::1','Chrome 68.0.3416.0','Mozilla/5.0 (Windows NT 10.0; Win64; x64) AppleWebKit/537.36 (KHTML, like Gecko) Chrome/68.0.3416.0 Safari/537.36','Windows 10','2018-06-14 02:05:33'),(11,3,'{\"role\":\"3\",\"roleText\":\"Employee\",\"name\":\"Employee\"}','::1','Chrome 68.0.3416.0','Mozilla/5.0 (Windows NT 10.0; Win64; x64) AppleWebKit/537.36 (KHTML, like Gecko) Chrome/68.0.3416.0 Safari/537.36','Windows 10','2018-06-14 20:55:11'),(12,3,'{\"role\":\"3\",\"roleText\":\"Employee\",\"name\":\"Employee\"}','::1','Chrome 68.0.3416.0','Mozilla/5.0 (Windows NT 10.0; Win64; x64) AppleWebKit/537.36 (KHTML, like Gecko) Chrome/68.0.3416.0 Safari/537.36','Windows 10','2018-06-15 20:17:59'),(13,1,'{\"role\":\"1\",\"roleText\":\"System Administrator\",\"name\":\"System Administrator\"}','::1','Chrome 68.0.3416.0','Mozilla/5.0 (Windows NT 10.0; Win64; x64) AppleWebKit/537.36 (KHTML, like Gecko) Chrome/68.0.3416.0 Safari/537.36','Windows 10','2018-06-15 23:21:18'),(14,3,'{\"role\":\"3\",\"roleText\":\"Employee\",\"name\":\"Employee\"}','::1','Chrome 68.0.3416.0','Mozilla/5.0 (Windows NT 10.0; Win64; x64) AppleWebKit/537.36 (KHTML, like Gecko) Chrome/68.0.3416.0 Safari/537.36','Windows 10','2018-06-16 00:52:04'),(15,3,'{\"role\":\"3\",\"roleText\":\"Employee\",\"name\":\"Employee\"}','::1','Chrome 68.0.3416.0','Mozilla/5.0 (Windows NT 10.0; Win64; x64) AppleWebKit/537.36 (KHTML, like Gecko) Chrome/68.0.3416.0 Safari/537.36','Windows 10','2018-06-16 21:17:50'),(16,1,'{\"role\":\"1\",\"roleText\":\"System Administrator\",\"name\":\"System Administrator\"}','::1','Chrome 68.0.3416.0','Mozilla/5.0 (Windows NT 10.0; Win64; x64) AppleWebKit/537.36 (KHTML, like Gecko) Chrome/68.0.3416.0 Safari/537.36','Windows 10','2018-06-16 21:20:20'),(17,3,'{\"role\":\"3\",\"roleText\":\"Employee\",\"name\":\"Employee\"}','::1','Chrome 68.0.3416.0','Mozilla/5.0 (Windows NT 10.0; Win64; x64) AppleWebKit/537.36 (KHTML, like Gecko) Chrome/68.0.3416.0 Safari/537.36','Windows 10','2018-06-16 21:21:29'),(18,1,'{\"role\":\"1\",\"roleText\":\"System Administrator\",\"name\":\"System Administrator\"}','::1','Firefox 60.0','Mozilla/5.0 (Windows NT 10.0; Win64; x64; rv:60.0) Gecko/20100101 Firefox/60.0','Windows 10','2018-06-17 01:12:41'),(19,3,'{\"role\":\"3\",\"roleText\":\"Employee\",\"name\":\"Employee\"}','::1','Chrome 68.0.3416.0','Mozilla/5.0 (Windows NT 10.0; Win64; x64) AppleWebKit/537.36 (KHTML, like Gecko) Chrome/68.0.3416.0 Safari/537.36','Windows 10','2018-06-17 16:14:49'),(20,3,'{\"role\":\"3\",\"roleText\":\"Employee\",\"name\":\"Employee\"}','::1','Chrome 68.0.3416.0','Mozilla/5.0 (Windows NT 10.0; Win64; x64) AppleWebKit/537.36 (KHTML, like Gecko) Chrome/68.0.3416.0 Safari/537.36','Windows 10','2018-06-17 22:08:26'),(21,3,'{\"role\":\"3\",\"roleText\":\"Employee\",\"name\":\"Employee\"}','::1','Chrome 68.0.3416.0','Mozilla/5.0 (Windows NT 10.0; Win64; x64) AppleWebKit/537.36 (KHTML, like Gecko) Chrome/68.0.3416.0 Safari/537.36','Windows 10','2018-06-17 22:41:57'),(22,3,'{\"role\":\"3\",\"roleText\":\"Employee\",\"name\":\"Employee\"}','::1','Chrome 68.0.3416.0','Mozilla/5.0 (Windows NT 10.0; Win64; x64) AppleWebKit/537.36 (KHTML, like Gecko) Chrome/68.0.3416.0 Safari/537.36','Windows 10','2018-06-18 20:04:07'),(23,3,'{\"role\":\"3\",\"roleText\":\"Employee\",\"name\":\"Employee\"}','::1','Chrome 68.0.3416.0','Mozilla/5.0 (Windows NT 10.0; Win64; x64) AppleWebKit/537.36 (KHTML, like Gecko) Chrome/68.0.3416.0 Safari/537.36','Windows 10','2018-06-18 22:53:02'),(24,3,'{\"role\":\"3\",\"roleText\":\"Employee\",\"name\":\"Employee\"}','::1','Chrome 68.0.3416.0','Mozilla/5.0 (Windows NT 10.0; Win64; x64) AppleWebKit/537.36 (KHTML, like Gecko) Chrome/68.0.3416.0 Safari/537.36','Windows 10','2018-06-19 20:23:49'),(25,1,'{\"role\":\"1\",\"roleText\":\"System Administrator\",\"name\":\"System Administrator\"}','::1','Chrome 68.0.3416.0','Mozilla/5.0 (Windows NT 10.0; Win64; x64) AppleWebKit/537.36 (KHTML, like Gecko) Chrome/68.0.3416.0 Safari/537.36','Windows 10','2018-06-19 22:45:42'),(26,1,'{\"role\":\"1\",\"roleText\":\"System Administrator\",\"name\":\"System Administrator\"}','::1','Firefox 60.0','Mozilla/5.0 (Windows NT 10.0; Win64; x64; rv:60.0) Gecko/20100101 Firefox/60.0','Windows 10','2018-06-19 23:52:33'),(27,3,'{\"role\":\"3\",\"roleText\":\"Employee\",\"name\":\"Employee\"}','::1','Chrome 68.0.3416.0','Mozilla/5.0 (Windows NT 10.0; Win64; x64) AppleWebKit/537.36 (KHTML, like Gecko) Chrome/68.0.3416.0 Safari/537.36','Windows 10','2018-06-19 23:56:29'),(28,3,'{\"role\":\"3\",\"roleText\":\"Employee\",\"name\":\"Employee\"}','::1','Chrome 68.0.3416.0','Mozilla/5.0 (Windows NT 10.0; Win64; x64) AppleWebKit/537.36 (KHTML, like Gecko) Chrome/68.0.3416.0 Safari/537.36','Windows 10','2018-06-20 22:08:14'),(29,1,'{\"role\":\"1\",\"roleText\":\"System Administrator\",\"name\":\"System Administrator\"}','::1','Chrome 68.0.3416.0','Mozilla/5.0 (Windows NT 10.0; Win64; x64) AppleWebKit/537.36 (KHTML, like Gecko) Chrome/68.0.3416.0 Safari/537.36','Windows 10','2018-06-21 18:41:19'),(30,3,'{\"role\":\"3\",\"roleText\":\"Employee\",\"name\":\"Employee\"}','::1','Chrome 68.0.3416.0','Mozilla/5.0 (Windows NT 10.0; Win64; x64) AppleWebKit/537.36 (KHTML, like Gecko) Chrome/68.0.3416.0 Safari/537.36','Windows 10','2018-06-21 22:04:58'),(31,1,'{\"role\":\"1\",\"roleText\":\"System Administrator\",\"name\":\"System Administrator\"}','::1','Chrome 68.0.3416.0','Mozilla/5.0 (Windows NT 10.0; Win64; x64) AppleWebKit/537.36 (KHTML, like Gecko) Chrome/68.0.3416.0 Safari/537.36','Windows 10','2018-06-21 22:06:30'),(32,1,'{\"role\":\"1\",\"roleText\":\"System Administrator\",\"name\":\"System Administrator\"}','::1','Chrome 68.0.3416.0','Mozilla/5.0 (Windows NT 10.0; Win64; x64) AppleWebKit/537.36 (KHTML, like Gecko) Chrome/68.0.3416.0 Safari/537.36','Windows 10','2018-06-22 17:38:32'),(33,3,'{\"role\":\"3\",\"roleText\":\"Employee\",\"name\":\"Employee\"}','::1','Chrome 68.0.3416.0','Mozilla/5.0 (Windows NT 10.0; Win64; x64) AppleWebKit/537.36 (KHTML, like Gecko) Chrome/68.0.3416.0 Safari/537.36','Windows 10','2018-06-22 20:01:36'),(34,1,'{\"role\":\"1\",\"roleText\":\"System Administrator\",\"name\":\"System Administrator\"}','::1','Chrome 68.0.3416.0','Mozilla/5.0 (Windows NT 10.0; Win64; x64) AppleWebKit/537.36 (KHTML, like Gecko) Chrome/68.0.3416.0 Safari/537.36','Windows 10','2018-06-22 20:02:10'),(35,1,'{\"role\":\"1\",\"roleText\":\"System Administrator\",\"name\":\"System Administrator\"}','::1','Chrome 68.0.3416.0','Mozilla/5.0 (Windows NT 10.0; Win64; x64) AppleWebKit/537.36 (KHTML, like Gecko) Chrome/68.0.3416.0 Safari/537.36','Windows 10','2018-06-23 19:40:44'),(36,1,'{\"role\":\"1\",\"roleText\":\"System Administrator\",\"name\":\"System Administrator\"}','::1','Chrome 68.0.3416.0','Mozilla/5.0 (Windows NT 10.0; Win64; x64) AppleWebKit/537.36 (KHTML, like Gecko) Chrome/68.0.3416.0 Safari/537.36','Windows 10','2018-06-23 22:22:03'),(37,1,'{\"role\":\"1\",\"roleText\":\"System Administrator\",\"name\":\"System Administrator\"}','127.0.0.1','Chrome 68.0.3416.0','Mozilla/5.0 (Windows NT 10.0; Win64; x64) AppleWebKit/537.36 (KHTML, like Gecko) Chrome/68.0.3416.0 Safari/537.36','Windows 10','2018-06-23 22:22:07'),(38,3,'{\"role\":\"3\",\"roleText\":\"Employee\",\"name\":\"Employee\"}','::1','Chrome 68.0.3416.0','Mozilla/5.0 (Windows NT 10.0; Win64; x64) AppleWebKit/537.36 (KHTML, like Gecko) Chrome/68.0.3416.0 Safari/537.36','Windows 10','2018-06-23 22:57:29'),(39,3,'{\"role\":\"3\",\"roleText\":\"Employee\",\"name\":\"Employee\"}','::1','Chrome 68.0.3416.0','Mozilla/5.0 (Windows NT 10.0; Win64; x64) AppleWebKit/537.36 (KHTML, like Gecko) Chrome/68.0.3416.0 Safari/537.36','Windows 10','2018-06-24 00:05:22'),(40,3,'{\"role\":\"3\",\"roleText\":\"Employee\",\"name\":\"Employee\"}','::1','Chrome 68.0.3416.0','Mozilla/5.0 (Windows NT 10.0; Win64; x64) AppleWebKit/537.36 (KHTML, like Gecko) Chrome/68.0.3416.0 Safari/537.36','Windows 10','2018-06-24 20:50:09'),(41,1,'{\"role\":\"1\",\"roleText\":\"System Administrator\",\"name\":\"System Administrator\"}','::1','Chrome 68.0.3416.0','Mozilla/5.0 (Windows NT 10.0; Win64; x64) AppleWebKit/537.36 (KHTML, like Gecko) Chrome/68.0.3416.0 Safari/537.36','Windows 10','2018-06-24 20:58:25'),(42,28,'{\"role\":\"2\",\"roleText\":\"Manager\",\"name\":\"Felipe\"}','::1','Chrome 68.0.3416.0','Mozilla/5.0 (Windows NT 10.0; Win64; x64) AppleWebKit/537.36 (KHTML, like Gecko) Chrome/68.0.3416.0 Safari/537.36','Windows 10','2018-06-24 21:00:54'),(43,28,'{\"role\":\"2\",\"roleText\":\"Manager\",\"name\":\"Felipe\"}','::1','Firefox 60.0','Mozilla/5.0 (Windows NT 10.0; Win64; x64; rv:60.0) Gecko/20100101 Firefox/60.0','Windows 10','2018-06-24 21:05:37'),(44,1,'{\"role\":\"1\",\"roleText\":\"System Administrator\",\"name\":\"System Administrator\"}','::1','Chrome 68.0.3416.0','Mozilla/5.0 (Windows NT 10.0; Win64; x64) AppleWebKit/537.36 (KHTML, like Gecko) Chrome/68.0.3416.0 Safari/537.36','Windows 10','2018-06-24 22:50:11'),(45,1,'{\"role\":\"1\",\"roleText\":\"System Administrator\",\"name\":\"System Administrator\"}','::1','Chrome 68.0.3416.0','Mozilla/5.0 (Windows NT 10.0; Win64; x64) AppleWebKit/537.36 (KHTML, like Gecko) Chrome/68.0.3416.0 Safari/537.36','Windows 10','2018-06-25 22:38:42'),(46,1,'{\"role\":\"1\",\"roleText\":\"System Administrator\",\"name\":\"System Administrator\"}','::1','Chrome 68.0.3416.0','Mozilla/5.0 (Windows NT 10.0; Win64; x64) AppleWebKit/537.36 (KHTML, like Gecko) Chrome/68.0.3416.0 Safari/537.36','Windows 10','2018-06-26 23:04:18'),(47,1,'{\"role\":\"1\",\"roleText\":\"System Administrator\",\"name\":\"System Administrator\"}','::1','Chrome 68.0.3416.0','Mozilla/5.0 (Windows NT 10.0; Win64; x64) AppleWebKit/537.36 (KHTML, like Gecko) Chrome/68.0.3416.0 Safari/537.36','Windows 10','2018-06-27 19:41:28'),(48,1,'{\"role\":\"1\",\"roleText\":\"System Administrator\",\"name\":\"System Administrator\"}','::1','Chrome 68.0.3416.0','Mozilla/5.0 (Windows NT 10.0; Win64; x64) AppleWebKit/537.36 (KHTML, like Gecko) Chrome/68.0.3416.0 Safari/537.36','Windows 10','2018-06-28 20:10:54'),(49,1,'{\"role\":\"1\",\"roleText\":\"System Administrator\",\"name\":\"System Administrator\"}','::1','Chrome 68.0.3416.0','Mozilla/5.0 (Windows NT 10.0; Win64; x64) AppleWebKit/537.36 (KHTML, like Gecko) Chrome/68.0.3416.0 Safari/537.36','Windows 10','2018-06-29 20:22:15'),(50,1,'{\"role\":\"1\",\"roleText\":\"System Administrator\",\"name\":\"System Administrator\"}','::1','Chrome 68.0.3416.0','Mozilla/5.0 (Windows NT 10.0; Win64; x64) AppleWebKit/537.36 (KHTML, like Gecko) Chrome/68.0.3416.0 Safari/537.36','Windows 10','2018-06-30 18:55:29'),(51,1,'{\"role\":\"1\",\"roleText\":\"System Administrator\",\"name\":\"System Administrator\"}','::1','Chrome 68.0.3416.0','Mozilla/5.0 (Windows NT 10.0; Win64; x64) AppleWebKit/537.36 (KHTML, like Gecko) Chrome/68.0.3416.0 Safari/537.36','Windows 10','2018-07-01 21:26:54'),(52,1,'{\"role\":\"1\",\"roleText\":\"System Administrator\",\"name\":\"System Administrator\"}','::1','Chrome 68.0.3416.0','Mozilla/5.0 (Windows NT 10.0; Win64; x64) AppleWebKit/537.36 (KHTML, like Gecko) Chrome/68.0.3416.0 Safari/537.36','Windows 10','2018-07-01 21:38:47'),(53,1,'{\"role\":\"1\",\"roleText\":\"System Administrator\",\"name\":\"System Administrator\"}','::1','Chrome 68.0.3416.0','Mozilla/5.0 (Windows NT 10.0; Win64; x64) AppleWebKit/537.36 (KHTML, like Gecko) Chrome/68.0.3416.0 Safari/537.36','Windows 10','2018-07-01 22:47:11'),(54,28,'{\"role\":\"2\",\"roleText\":\"Manager\",\"name\":\"Felipe\"}','::1','Chrome 68.0.3416.0','Mozilla/5.0 (Windows NT 10.0; Win64; x64) AppleWebKit/537.36 (KHTML, like Gecko) Chrome/68.0.3416.0 Safari/537.36','Windows 10','2018-07-01 22:59:26'),(55,28,'{\"role\":\"2\",\"roleText\":\"Manager\",\"name\":\"Felipe\"}','::1','Chrome 68.0.3416.0','Mozilla/5.0 (Windows NT 10.0; Win64; x64) AppleWebKit/537.36 (KHTML, like Gecko) Chrome/68.0.3416.0 Safari/537.36','Windows 10','2018-07-01 23:02:27'),(56,1,'{\"role\":\"1\",\"roleText\":\"System Administrator\",\"name\":\"System Administrator\"}','::1','Chrome 68.0.3416.0','Mozilla/5.0 (Windows NT 10.0; Win64; x64) AppleWebKit/537.36 (KHTML, like Gecko) Chrome/68.0.3416.0 Safari/537.36','Windows 10','2018-07-01 23:19:11'),(57,29,'{\"role\":\"3\",\"roleText\":\"Employee\",\"name\":\"Usuario\"}','::1','Chrome 68.0.3416.0','Mozilla/5.0 (Windows NT 10.0; Win64; x64) AppleWebKit/537.36 (KHTML, like Gecko) Chrome/68.0.3416.0 Safari/537.36','Windows 10','2018-07-01 23:23:26'),(58,1,'{\"role\":\"1\",\"roleText\":\"System Administrator\",\"name\":\"System Administrator\"}','::1','Chrome 68.0.3416.0','Mozilla/5.0 (Windows NT 10.0; Win64; x64) AppleWebKit/537.36 (KHTML, like Gecko) Chrome/68.0.3416.0 Safari/537.36','Windows 10','2018-07-01 23:37:48'),(59,1,'{\"role\":\"1\",\"roleText\":\"Administrador\",\"name\":\"System Administrator\"}','::1','Chrome 68.0.3416.0','Mozilla/5.0 (Windows NT 10.0; Win64; x64) AppleWebKit/537.36 (KHTML, like Gecko) Chrome/68.0.3416.0 Safari/537.36','Windows 10','2018-07-01 23:39:49'),(60,1,'{\"role\":\"1\",\"roleText\":\"Administrador\",\"name\":\"System Administrator\"}','::1','Chrome 68.0.3416.0','Mozilla/5.0 (Windows NT 10.0; Win64; x64) AppleWebKit/537.36 (KHTML, like Gecko) Chrome/68.0.3416.0 Safari/537.36','Windows 10','2018-07-01 23:49:51'),(61,29,'{\"role\":\"3\",\"roleText\":\"Alumno\",\"name\":\"Usuario\"}','::1','Chrome 68.0.3416.0','Mozilla/5.0 (Windows NT 10.0; Win64; x64) AppleWebKit/537.36 (KHTML, like Gecko) Chrome/68.0.3416.0 Safari/537.36','Windows 10','2018-07-01 23:50:04'),(62,1,'{\"role\":\"1\",\"roleText\":\"Administrador\",\"name\":\"Administrador de la plataforma\"}','::1','Chrome 68.0.3416.0','Mozilla/5.0 (Windows NT 10.0; Win64; x64) AppleWebKit/537.36 (KHTML, like Gecko) Chrome/68.0.3416.0 Safari/537.36','Windows 10','2018-07-01 23:51:29'),(63,1,'{\"role\":\"1\",\"roleText\":\"Administrador\",\"name\":\"Administrador de la plataforma\"}','::1','Chrome 68.0.3416.0','Mozilla/5.0 (Windows NT 10.0; Win64; x64) AppleWebKit/537.36 (KHTML, like Gecko) Chrome/68.0.3416.0 Safari/537.36','Windows 10','2018-07-01 23:53:32'),(64,1,'{\"role\":\"1\",\"roleText\":\"Administrador\",\"name\":\"Administrador de la plataforma\"}','::1','Chrome 68.0.3416.0','Mozilla/5.0 (Windows NT 10.0; Win64; x64) AppleWebKit/537.36 (KHTML, like Gecko) Chrome/68.0.3416.0 Safari/537.36','Windows 10','2018-07-01 23:55:07'),(65,1,'{\"role\":\"1\",\"roleText\":\"Administrador\",\"name\":\"Administrador de la plataforma\"}','::1','Chrome 68.0.3416.0','Mozilla/5.0 (Windows NT 10.0; Win64; x64) AppleWebKit/537.36 (KHTML, like Gecko) Chrome/68.0.3416.0 Safari/537.36','Windows 10','2018-07-01 23:56:36'),(66,31,'{\"role\":\"3\",\"roleText\":\"Alumno\",\"name\":\"Asd\"}','::1','Chrome 68.0.3416.0','Mozilla/5.0 (Windows NT 10.0; Win64; x64) AppleWebKit/537.36 (KHTML, like Gecko) Chrome/68.0.3416.0 Safari/537.36','Windows 10','2018-07-02 00:03:02'),(67,1,'{\"role\":\"1\",\"roleText\":\"Administrador\",\"name\":\"Administrador de la plataforma\"}','::1','Chrome 68.0.3416.0','Mozilla/5.0 (Windows NT 10.0; Win64; x64) AppleWebKit/537.36 (KHTML, like Gecko) Chrome/68.0.3416.0 Safari/537.36','Windows 10','2018-07-02 00:03:19'),(68,1,'{\"role\":\"1\",\"roleText\":\"Administrador\",\"name\":\"Administrador de la plataforma\"}','::1','Chrome 68.0.3416.0','Mozilla/5.0 (Windows NT 10.0; Win64; x64) AppleWebKit/537.36 (KHTML, like Gecko) Chrome/68.0.3416.0 Safari/537.36','Windows 10','2018-07-02 00:11:25'),(69,1,'{\"role\":\"1\",\"roleText\":\"Administrador\",\"name\":\"Administrador de la plataforma\"}','::1','Chrome 68.0.3416.0','Mozilla/5.0 (Windows NT 10.0; Win64; x64) AppleWebKit/537.36 (KHTML, like Gecko) Chrome/68.0.3416.0 Safari/537.36','Windows 10','2018-07-03 16:58:27'),(70,1,'{\"role\":\"1\",\"roleText\":\"Administrador\",\"name\":\"Administrador de la plataforma\"}','::1','Chrome 68.0.3416.0','Mozilla/5.0 (Windows NT 10.0; Win64; x64) AppleWebKit/537.36 (KHTML, like Gecko) Chrome/68.0.3416.0 Safari/537.36','Windows 10','2018-07-04 01:08:16'),(71,1,'{\"role\":\"1\",\"roleText\":\"Administrador\",\"name\":\"Administrador de la plataforma\"}','::1','Chrome 68.0.3416.0','Mozilla/5.0 (Windows NT 10.0; Win64; x64) AppleWebKit/537.36 (KHTML, like Gecko) Chrome/68.0.3416.0 Safari/537.36','Windows 10','2018-07-04 23:38:22'),(72,1,'{\"role\":\"1\",\"roleText\":\"Administrador\",\"name\":\"Administrador de la plataforma\"}','::1','Chrome 68.0.3416.0','Mozilla/5.0 (Windows NT 10.0; Win64; x64) AppleWebKit/537.36 (KHTML, like Gecko) Chrome/68.0.3416.0 Safari/537.36','Windows 10','2018-07-05 01:38:23'),(73,1,'{\"role\":\"1\",\"roleText\":\"Administrador\",\"name\":\"Administrador de la plataforma\"}','::1','Chrome 68.0.3416.0','Mozilla/5.0 (Windows NT 10.0; Win64; x64) AppleWebKit/537.36 (KHTML, like Gecko) Chrome/68.0.3416.0 Safari/537.36','Windows 10','2018-07-05 15:48:24'),(74,1,'{\"role\":\"1\",\"roleText\":\"Administrador\",\"name\":\"Administrador de la plataforma\"}','::1','Chrome 68.0.3416.0','Mozilla/5.0 (Windows NT 10.0; Win64; x64) AppleWebKit/537.36 (KHTML, like Gecko) Chrome/68.0.3416.0 Safari/537.36','Windows 10','2018-07-06 19:53:44'),(75,1,'{\"role\":\"1\",\"roleText\":\"Administrador\",\"name\":\"Administrador de la plataforma\"}','::1','Chrome 68.0.3416.0','Mozilla/5.0 (Windows NT 10.0; Win64; x64) AppleWebKit/537.36 (KHTML, like Gecko) Chrome/68.0.3416.0 Safari/537.36','Windows 10','2018-07-07 01:45:18'),(76,1,'{\"role\":\"1\",\"roleText\":\"Administrador\",\"name\":\"Administrador de la plataforma\"}','::1','Firefox 61.0','Mozilla/5.0 (Windows NT 10.0; Win64; x64; rv:61.0) Gecko/20100101 Firefox/61.0','Windows 10','2018-07-07 02:45:25'),(77,1,'{\"role\":\"1\",\"roleText\":\"Administrador\",\"name\":\"Administrador de la plataforma\"}','::1','Chrome 68.0.3416.0','Mozilla/5.0 (Windows NT 10.0; Win64; x64) AppleWebKit/537.36 (KHTML, like Gecko) Chrome/68.0.3416.0 Safari/537.36','Windows 10','2018-07-07 21:31:29'),(78,1,'{\"role\":\"1\",\"roleText\":\"Administrador\",\"name\":\"Administrador de la plataforma\"}','::1','Firefox 61.0','Mozilla/5.0 (Windows NT 10.0; Win64; x64; rv:61.0) Gecko/20100101 Firefox/61.0','Windows 10','2018-07-08 20:55:55'),(79,1,'{\"role\":\"1\",\"roleText\":\"Administrador\",\"name\":\"Administrador de la plataforma\"}','::1','Chrome 68.0.3416.0','Mozilla/5.0 (Windows NT 10.0; Win64; x64) AppleWebKit/537.36 (KHTML, like Gecko) Chrome/68.0.3416.0 Safari/537.36','Windows 10','2018-07-08 22:45:45'),(80,1,'{\"role\":\"1\",\"roleText\":\"Administrador\",\"name\":\"Administrador de la plataforma\"}','::1','Chrome 68.0.3416.0','Mozilla/5.0 (Windows NT 10.0; Win64; x64) AppleWebKit/537.36 (KHTML, like Gecko) Chrome/68.0.3416.0 Safari/537.36','Windows 10','2018-07-09 20:18:39'),(81,29,'{\"role\":\"3\",\"roleText\":\"Alumno\",\"name\":\"Usuario\"}','::1','Chrome 68.0.3416.0','Mozilla/5.0 (Windows NT 10.0; Win64; x64) AppleWebKit/537.36 (KHTML, like Gecko) Chrome/68.0.3416.0 Safari/537.36','Windows 10','2018-07-09 21:27:46'),(82,29,'{\"role\":\"3\",\"roleText\":\"Alumno\",\"name\":\"Usuario\"}','::1','Chrome 68.0.3416.0','Mozilla/5.0 (Windows NT 10.0; Win64; x64) AppleWebKit/537.36 (KHTML, like Gecko) Chrome/68.0.3416.0 Safari/537.36','Windows 10','2018-07-09 22:32:27'),(83,1,'{\"role\":\"1\",\"roleText\":\"Administrador\",\"name\":\"Administrador de la plataforma\"}','::1','Chrome 68.0.3416.0','Mozilla/5.0 (Windows NT 10.0; Win64; x64) AppleWebKit/537.36 (KHTML, like Gecko) Chrome/68.0.3416.0 Safari/537.36','Windows 10','2018-07-09 22:36:49'),(84,1,'{\"role\":\"1\",\"roleText\":\"Administrador\",\"name\":\"Administrador de la plataforma\"}','::1','Chrome 68.0.3416.0','Mozilla/5.0 (Windows NT 10.0; Win64; x64) AppleWebKit/537.36 (KHTML, like Gecko) Chrome/68.0.3416.0 Safari/537.36','Windows 10','2018-07-10 23:38:46'),(85,1,'{\"role\":\"1\",\"roleText\":\"Administrador\",\"name\":\"Administrador de la plataforma\"}','::1','Chrome 68.0.3416.0','Mozilla/5.0 (Windows NT 10.0; Win64; x64) AppleWebKit/537.36 (KHTML, like Gecko) Chrome/68.0.3416.0 Safari/537.36','Windows 10','2018-07-11 14:18:54'),(86,1,'{\"role\":\"1\",\"roleText\":\"Administrador\",\"name\":\"Administrador de la plataforma\"}','::1','Chrome 68.0.3416.0','Mozilla/5.0 (Windows NT 10.0; Win64; x64) AppleWebKit/537.36 (KHTML, like Gecko) Chrome/68.0.3416.0 Safari/537.36','Windows 10','2018-07-11 22:52:09'),(87,1,'{\"role\":\"1\",\"roleText\":\"Administrador\",\"name\":\"Administrador de la plataforma\"}','::1','Chrome 68.0.3416.0','Mozilla/5.0 (Windows NT 10.0; Win64; x64) AppleWebKit/537.36 (KHTML, like Gecko) Chrome/68.0.3416.0 Safari/537.36','Windows 10','2018-07-12 14:29:48'),(88,1,'{\"role\":\"1\",\"roleText\":\"Administrador\",\"name\":\"Administrador de la plataforma\"}','::1','Chrome 68.0.3416.0','Mozilla/5.0 (Windows NT 10.0; Win64; x64) AppleWebKit/537.36 (KHTML, like Gecko) Chrome/68.0.3416.0 Safari/537.36','Windows 10','2018-07-12 17:29:49'),(89,1,'{\"role\":\"1\",\"roleText\":\"Administrador\",\"name\":\"Administrador de la plataforma\"}','::1','Chrome 68.0.3416.0','Mozilla/5.0 (Windows NT 10.0; Win64; x64) AppleWebKit/537.36 (KHTML, like Gecko) Chrome/68.0.3416.0 Safari/537.36','Windows 10','2018-07-12 22:20:42'),(90,29,'{\"role\":\"3\",\"roleText\":\"Alumno\",\"name\":\"Usuario\"}','::1','Firefox 61.0','Mozilla/5.0 (Windows NT 10.0; Win64; x64; rv:61.0) Gecko/20100101 Firefox/61.0','Windows 10','2018-07-12 23:54:47'),(91,1,'{\"role\":\"1\",\"roleText\":\"Administrador\",\"name\":\"Administrador de la plataforma\"}','::1','Chrome 68.0.3416.0','Mozilla/5.0 (Windows NT 10.0; Win64; x64) AppleWebKit/537.36 (KHTML, like Gecko) Chrome/68.0.3416.0 Safari/537.36','Windows 10','2018-07-17 11:08:31'),(92,31,'{\"role\":\"3\",\"roleText\":\"Alumno\",\"name\":\"Asd\"}','::1','Chrome 68.0.3416.0','Mozilla/5.0 (Windows NT 10.0; Win64; x64) AppleWebKit/537.36 (KHTML, like Gecko) Chrome/68.0.3416.0 Safari/537.36','Windows 10','2018-07-17 11:57:25'),(93,1,'{\"role\":\"1\",\"roleText\":\"Administrador\",\"name\":\"Administrador de la plataforma\"}','::1','Chrome 68.0.3416.0','Mozilla/5.0 (Windows NT 10.0; Win64; x64) AppleWebKit/537.36 (KHTML, like Gecko) Chrome/68.0.3416.0 Safari/537.36','Windows 10','2018-07-17 23:29:08'),(94,1,'{\"role\":\"1\",\"roleText\":\"Administrador\",\"name\":\"Administrador de la plataforma\"}','::1','Chrome 68.0.3416.0','Mozilla/5.0 (Windows NT 10.0; Win64; x64) AppleWebKit/537.36 (KHTML, like Gecko) Chrome/68.0.3416.0 Safari/537.36','Windows 10','2018-07-18 01:32:31'),(95,1,'{\"role\":\"1\",\"roleText\":\"Administrador\",\"name\":\"Administrador de la plataforma\"}','::1','Chrome 68.0.3416.0','Mozilla/5.0 (Windows NT 10.0; Win64; x64) AppleWebKit/537.36 (KHTML, like Gecko) Chrome/68.0.3416.0 Safari/537.36','Windows 10','2018-07-18 14:20:59'),(96,1,'{\"role\":\"1\",\"roleText\":\"Administrador\",\"name\":\"Administrador de la plataforma\"}','::1','Chrome 68.0.3416.0','Mozilla/5.0 (Windows NT 10.0; Win64; x64) AppleWebKit/537.36 (KHTML, like Gecko) Chrome/68.0.3416.0 Safari/537.36','Windows 10','2018-07-22 19:20:02'),(97,1,'{\"role\":\"1\",\"roleText\":\"Administrador\",\"name\":\"Administrador de la plataforma\"}','::1','Chrome 68.0.3416.0','Mozilla/5.0 (Windows NT 10.0; Win64; x64) AppleWebKit/537.36 (KHTML, like Gecko) Chrome/68.0.3416.0 Safari/537.36','Windows 10','2018-07-24 01:25:40'),(98,1,'{\"role\":\"1\",\"roleText\":\"Administrador\",\"name\":\"Administrador de la plataforma\"}','::1','Chrome 68.0.3416.0','Mozilla/5.0 (Windows NT 10.0; Win64; x64) AppleWebKit/537.36 (KHTML, like Gecko) Chrome/68.0.3416.0 Safari/537.36','Windows 10','2018-07-24 17:17:28'),(99,1,'{\"role\":\"1\",\"roleText\":\"Administrador\",\"name\":\"Administrador de la plataforma\"}','::1','Chrome 68.0.3416.0','Mozilla/5.0 (Windows NT 10.0; Win64; x64) AppleWebKit/537.36 (KHTML, like Gecko) Chrome/68.0.3416.0 Safari/537.36','Windows 10','2018-07-26 12:32:55'),(100,1,'{\"role\":\"1\",\"roleText\":\"Administrador\",\"name\":\"Administrador de la plataforma\"}','::1','Chrome 68.0.3416.0','Mozilla/5.0 (Windows NT 10.0; Win64; x64) AppleWebKit/537.36 (KHTML, like Gecko) Chrome/68.0.3416.0 Safari/537.36','Windows 10','2018-07-28 20:21:33'),(101,1,'{\"role\":\"1\",\"roleText\":\"Administrador\",\"name\":\"Administrador de la plataforma\"}','::1','Chrome 68.0.3416.0','Mozilla/5.0 (Windows NT 10.0; Win64; x64) AppleWebKit/537.36 (KHTML, like Gecko) Chrome/68.0.3416.0 Safari/537.36','Windows 10','2018-07-28 23:45:08'),(102,1,'{\"role\":\"1\",\"roleText\":\"Administrador\",\"name\":\"Administrador de la plataforma\"}','::1','Chrome 68.0.3416.0','Mozilla/5.0 (Windows NT 10.0; Win64; x64) AppleWebKit/537.36 (KHTML, like Gecko) Chrome/68.0.3416.0 Safari/537.36','Windows 10','2018-07-29 00:07:10'),(103,1,'{\"role\":\"1\",\"roleText\":\"Administrador\",\"name\":\"Administrador de la plataforma\"}','::1','Chrome 68.0.3416.0','Mozilla/5.0 (Windows NT 10.0; Win64; x64) AppleWebKit/537.36 (KHTML, like Gecko) Chrome/68.0.3416.0 Safari/537.36','Windows 10','2018-07-29 02:49:08'),(104,29,'{\"role\":\"3\",\"roleText\":\"Alumno\",\"name\":\"Usuario\"}','::1','Chrome 68.0.3416.0','Mozilla/5.0 (Windows NT 10.0; Win64; x64) AppleWebKit/537.36 (KHTML, like Gecko) Chrome/68.0.3416.0 Safari/537.36','Windows 10','2018-07-29 18:09:36'),(105,1,'{\"role\":\"1\",\"roleText\":\"Administrador\",\"name\":\"Administrador de la plataforma\"}','::1','Chrome 68.0.3416.0','Mozilla/5.0 (Windows NT 10.0; Win64; x64) AppleWebKit/537.36 (KHTML, like Gecko) Chrome/68.0.3416.0 Safari/537.36','Windows 10','2018-07-29 19:09:05'),(106,1,'{\"role\":\"1\",\"roleText\":\"Administrador\",\"name\":\"Administrador de la plataforma\"}','::1','Chrome 68.0.3416.0','Mozilla/5.0 (Windows NT 10.0; Win64; x64) AppleWebKit/537.36 (KHTML, like Gecko) Chrome/68.0.3416.0 Safari/537.36','Windows 10','2018-07-29 19:15:36'),(107,1,'{\"role\":\"1\",\"roleText\":\"Administrador\",\"name\":\"Administrador de la plataforma\"}','::1','Chrome 68.0.3416.0','Mozilla/5.0 (Windows NT 10.0; Win64; x64) AppleWebKit/537.36 (KHTML, like Gecko) Chrome/68.0.3416.0 Safari/537.36','Windows 10','2018-07-30 16:36:07'),(108,1,'{\"role\":\"1\",\"roleText\":\"Administrador\",\"name\":\"Administrador de la plataforma\"}','::1','Chrome 68.0.3416.0','Mozilla/5.0 (Windows NT 10.0; Win64; x64) AppleWebKit/537.36 (KHTML, like Gecko) Chrome/68.0.3416.0 Safari/537.36','Windows 10','2018-07-30 20:59:33'),(109,1,'{\"role\":\"1\",\"roleText\":\"Administrador\",\"name\":\"Administrador de la plataforma\"}','::1','Chrome 68.0.3416.0','Mozilla/5.0 (Windows NT 10.0; Win64; x64) AppleWebKit/537.36 (KHTML, like Gecko) Chrome/68.0.3416.0 Safari/537.36','Windows 10','2018-08-01 04:05:48'),(110,29,'{\"role\":\"3\",\"roleText\":\"Alumno\",\"name\":\"Usuario\"}','::1','Chrome 68.0.3416.0','Mozilla/5.0 (Windows NT 10.0; Win64; x64) AppleWebKit/537.36 (KHTML, like Gecko) Chrome/68.0.3416.0 Safari/537.36','Windows 10','2018-08-01 14:44:58'),(111,29,'{\"role\":\"3\",\"roleText\":\"Alumno\",\"name\":\"Usuario\"}','::1','Chrome 68.0.3416.0','Mozilla/5.0 (Windows NT 10.0; Win64; x64) AppleWebKit/537.36 (KHTML, like Gecko) Chrome/68.0.3416.0 Safari/537.36','Windows 10','2018-08-08 16:14:19'),(112,29,'{\"role\":\"3\",\"roleText\":\"Alumno\",\"name\":\"Usuario\"}','::1','Chrome 68.0.3416.0','Mozilla/5.0 (Windows NT 10.0; Win64; x64) AppleWebKit/537.36 (KHTML, like Gecko) Chrome/68.0.3416.0 Safari/537.36','Windows 10','2018-08-11 18:18:06'),(113,1,'{\"role\":\"1\",\"roleText\":\"Administrador\",\"name\":\"Administrador de la plataforma\"}','::1','Chrome 68.0.3416.0','Mozilla/5.0 (Windows NT 10.0; Win64; x64) AppleWebKit/537.36 (KHTML, like Gecko) Chrome/68.0.3416.0 Safari/537.36','Windows 10','2018-08-11 18:27:08'),(114,1,'{\"role\":\"1\",\"roleText\":\"Administrador\",\"name\":\"Administrador de la plataforma\"}','::1','Chrome 68.0.3416.0','Mozilla/5.0 (Windows NT 10.0; Win64; x64) AppleWebKit/537.36 (KHTML, like Gecko) Chrome/68.0.3416.0 Safari/537.36','Windows 10','2018-08-12 01:05:57'),(115,1,'{\"role\":\"1\",\"roleText\":\"Administrador\",\"name\":\"Administrador de la plataforma\"}','::1','Chrome 68.0.3416.0','Mozilla/5.0 (Windows NT 10.0; Win64; x64) AppleWebKit/537.36 (KHTML, like Gecko) Chrome/68.0.3416.0 Safari/537.36','Windows 10','2018-08-13 23:04:11'),(116,1,'{\"role\":\"1\",\"roleText\":\"Administrador\",\"name\":\"Administrador de la plataforma\"}','::1','Chrome 68.0.3416.0','Mozilla/5.0 (Windows NT 10.0; Win64; x64) AppleWebKit/537.36 (KHTML, like Gecko) Chrome/68.0.3416.0 Safari/537.36','Windows 10','2018-08-14 01:17:53'),(117,1,'{\"role\":\"1\",\"roleText\":\"Administrador\",\"name\":\"Administrador de la plataforma\"}','::1','Chrome 68.0.3416.0','Mozilla/5.0 (Windows NT 10.0; Win64; x64) AppleWebKit/537.36 (KHTML, like Gecko) Chrome/68.0.3416.0 Safari/537.36','Windows 10','2018-08-14 15:32:45'),(118,1,'{\"role\":\"1\",\"roleText\":\"Administrador\",\"name\":\"Administrador de la plataforma\"}','::1','Chrome 68.0.3416.0','Mozilla/5.0 (Windows NT 10.0; Win64; x64) AppleWebKit/537.36 (KHTML, like Gecko) Chrome/68.0.3416.0 Safari/537.36','Windows 10','2018-08-15 19:40:23'),(119,1,'{\"role\":\"1\",\"roleText\":\"Administrador\",\"name\":\"Administrador de la plataforma\"}','::1','Chrome 68.0.3416.0','Mozilla/5.0 (Windows NT 10.0; Win64; x64) AppleWebKit/537.36 (KHTML, like Gecko) Chrome/68.0.3416.0 Safari/537.36','Windows 10','2018-08-16 17:04:51'),(120,1,'{\"role\":\"1\",\"roleText\":\"Administrador\",\"name\":\"Administrador de la plataforma\"}','::1','Chrome 68.0.3416.0','Mozilla/5.0 (Windows NT 10.0; Win64; x64) AppleWebKit/537.36 (KHTML, like Gecko) Chrome/68.0.3416.0 Safari/537.36','Windows 10','2018-08-17 02:26:31'),(121,1,'{\"role\":\"1\",\"roleText\":\"Administrador\",\"name\":\"Administrador de la plataforma\"}','::1','Chrome 68.0.3416.0','Mozilla/5.0 (Windows NT 10.0; Win64; x64) AppleWebKit/537.36 (KHTML, like Gecko) Chrome/68.0.3416.0 Safari/537.36','Windows 10','2018-08-17 16:40:34'),(122,1,'{\"role\":\"1\",\"roleText\":\"Administrador\",\"name\":\"Administrador de la plataforma\"}','::1','Chrome 68.0.3416.0','Mozilla/5.0 (Windows NT 10.0; Win64; x64) AppleWebKit/537.36 (KHTML, like Gecko) Chrome/68.0.3416.0 Safari/537.36','Windows 10','2018-08-17 18:59:01'),(123,1,'{\"role\":\"1\",\"roleText\":\"Administrador\",\"name\":\"Administrador de la plataforma\"}','::1','Chrome 68.0.3416.0','Mozilla/5.0 (Windows NT 10.0; Win64; x64) AppleWebKit/537.36 (KHTML, like Gecko) Chrome/68.0.3416.0 Safari/537.36','Windows 10','2018-08-18 20:39:03'),(124,1,'{\"role\":\"1\",\"roleText\":\"Administrador\",\"name\":\"Administrador de la plataforma\"}','::1','Chrome 68.0.3416.0','Mozilla/5.0 (Windows NT 10.0; Win64; x64) AppleWebKit/537.36 (KHTML, like Gecko) Chrome/68.0.3416.0 Safari/537.36','Windows 10','2018-08-19 21:02:48'),(125,1,'{\"role\":\"1\",\"roleText\":\"Administrador\",\"name\":\"Administrador de la plataforma\"}','::1','Chrome 68.0.3416.0','Mozilla/5.0 (Windows NT 10.0; Win64; x64) AppleWebKit/537.36 (KHTML, like Gecko) Chrome/68.0.3416.0 Safari/537.36','Windows 10','2018-08-20 01:31:59'),(126,1,'{\"role\":\"1\",\"roleText\":\"Administrador\",\"name\":\"Administrador de la plataforma\"}','::1','Chrome 68.0.3416.0','Mozilla/5.0 (Windows NT 10.0; Win64; x64) AppleWebKit/537.36 (KHTML, like Gecko) Chrome/68.0.3416.0 Safari/537.36','Windows 10','2018-08-20 22:43:54'),(127,1,'{\"role\":\"1\",\"roleText\":\"Administrador\",\"name\":\"Administrador de la plataforma\"}','::1','Chrome 68.0.3416.0','Mozilla/5.0 (Windows NT 10.0; Win64; x64) AppleWebKit/537.36 (KHTML, like Gecko) Chrome/68.0.3416.0 Safari/537.36','Windows 10','2018-08-20 23:49:59'),(128,1,'{\"role\":\"1\",\"roleText\":\"Administrador\",\"name\":\"Administrador de la plataforma\"}','::1','Chrome 68.0.3416.0','Mozilla/5.0 (Windows NT 10.0; Win64; x64) AppleWebKit/537.36 (KHTML, like Gecko) Chrome/68.0.3416.0 Safari/537.36','Windows 10','2018-08-20 23:52:17'),(129,1,'{\"role\":\"1\",\"roleText\":\"Administrador\",\"name\":\"Administrador de la plataforma\"}','::1','Chrome 68.0.3416.0','Mozilla/5.0 (Windows NT 10.0; Win64; x64) AppleWebKit/537.36 (KHTML, like Gecko) Chrome/68.0.3416.0 Safari/537.36','Windows 10','2018-08-21 16:38:14'),(130,1,'{\"role\":\"1\",\"roleText\":\"Administrador\",\"name\":\"Administrador de la plataforma\"}','::1','Chrome 68.0.3416.0','Mozilla/5.0 (Windows NT 10.0; Win64; x64) AppleWebKit/537.36 (KHTML, like Gecko) Chrome/68.0.3416.0 Safari/537.36','Windows 10','2018-08-21 19:53:03'),(131,1,'{\"role\":\"1\",\"roleText\":\"Administrador\",\"name\":\"Administrador de la plataforma\"}','::1','Firefox 61.0','Mozilla/5.0 (Windows NT 10.0; Win64; x64; rv:61.0) Gecko/20100101 Firefox/61.0','Windows 10','2018-08-21 22:13:08'),(132,1,'{\"role\":\"1\",\"roleText\":\"Administrador\",\"name\":\"Administrador de la plataforma\"}','::1','Chrome 68.0.3416.0','Mozilla/5.0 (Windows NT 10.0; Win64; x64) AppleWebKit/537.36 (KHTML, like Gecko) Chrome/68.0.3416.0 Safari/537.36','Windows 10','2018-08-22 17:59:00'),(133,1,'{\"role\":\"1\",\"roleText\":\"Administrador\",\"name\":\"Administrador de la plataforma\"}','::1','Chrome 68.0.3416.0','Mozilla/5.0 (Windows NT 10.0; Win64; x64) AppleWebKit/537.36 (KHTML, like Gecko) Chrome/68.0.3416.0 Safari/537.36','Windows 10','2018-08-23 12:44:02'),(134,1,'{\"role\":\"1\",\"roleText\":\"Administrador\",\"name\":\"Administrador de la plataforma\"}','::1','Chrome 68.0.3416.0','Mozilla/5.0 (Windows NT 10.0; Win64; x64) AppleWebKit/537.36 (KHTML, like Gecko) Chrome/68.0.3416.0 Safari/537.36','Windows 10','2018-08-23 17:57:47'),(135,1,'{\"role\":\"1\",\"roleText\":\"Administrador\",\"name\":\"Administrador de la plataforma\"}','::1','Chrome 68.0.3416.0','Mozilla/5.0 (Windows NT 10.0; Win64; x64) AppleWebKit/537.36 (KHTML, like Gecko) Chrome/68.0.3416.0 Safari/537.36','Windows 10','2018-08-24 14:37:22'),(136,1,'{\"role\":\"1\",\"roleText\":\"Administrador\",\"name\":\"Administrador de la plataforma\"}','::1','Chrome 68.0.3416.0','Mozilla/5.0 (Windows NT 10.0; Win64; x64) AppleWebKit/537.36 (KHTML, like Gecko) Chrome/68.0.3416.0 Safari/537.36','Windows 10','2018-08-24 18:26:56'),(137,1,'{\"role\":\"1\",\"roleText\":\"Administrador\",\"name\":\"Administrador de la plataforma\"}','::1','Chrome 68.0.3416.0','Mozilla/5.0 (Windows NT 10.0; Win64; x64) AppleWebKit/537.36 (KHTML, like Gecko) Chrome/68.0.3416.0 Safari/537.36','Windows 10','2018-08-24 23:47:18'),(138,1,'{\"role\":\"1\",\"roleText\":\"Administrador\",\"name\":\"Administrador de la plataforma\"}','::1','Chrome 68.0.3416.0','Mozilla/5.0 (Windows NT 10.0; Win64; x64) AppleWebKit/537.36 (KHTML, like Gecko) Chrome/68.0.3416.0 Safari/537.36','Windows 10','2018-08-25 02:40:51'),(139,1,'{\"role\":\"1\",\"roleText\":\"Administrador\",\"name\":\"Administrador de la plataforma\"}','::1','Firefox 61.0','Mozilla/5.0 (Windows NT 10.0; Win64; x64; rv:61.0) Gecko/20100101 Firefox/61.0','Windows 10','2018-08-25 04:44:12'),(140,1,'{\"role\":\"1\",\"roleText\":\"Administrador\",\"name\":\"Administrador de la plataforma\"}','::1','Chrome 68.0.3416.0','Mozilla/5.0 (Windows NT 10.0; Win64; x64) AppleWebKit/537.36 (KHTML, like Gecko) Chrome/68.0.3416.0 Safari/537.36','Windows 10','2018-08-25 18:40:29'),(141,1,'{\"role\":\"1\",\"roleText\":\"Administrador\",\"name\":\"Administrador de la plataforma\"}','::1','Chrome 68.0.3416.0','Mozilla/5.0 (Windows NT 10.0; Win64; x64) AppleWebKit/537.36 (KHTML, like Gecko) Chrome/68.0.3416.0 Safari/537.36','Windows 10','2018-08-26 18:14:28'),(142,1,'{\"role\":\"1\",\"roleText\":\"Administrador\",\"name\":\"Administrador de la plataforma\"}','::1','Chrome 68.0.3416.0','Mozilla/5.0 (Windows NT 10.0; Win64; x64) AppleWebKit/537.36 (KHTML, like Gecko) Chrome/68.0.3416.0 Safari/537.36','Windows 10','2018-08-29 17:22:24'),(143,1,'{\"role\":\"1\",\"roleText\":\"Administrador\",\"name\":\"Administrador de la plataforma\"}','::1','Chrome 68.0.3416.0','Mozilla/5.0 (Windows NT 10.0; Win64; x64) AppleWebKit/537.36 (KHTML, like Gecko) Chrome/68.0.3416.0 Safari/537.36','Windows 10','2018-08-31 01:09:07'),(144,1,'{\"role\":\"1\",\"roleText\":\"Administrador\",\"name\":\"Administrador de la plataforma\"}','::1','Chrome 68.0.3416.0','Mozilla/5.0 (Windows NT 10.0; Win64; x64) AppleWebKit/537.36 (KHTML, like Gecko) Chrome/68.0.3416.0 Safari/537.36','Windows 10','2018-09-01 16:53:28'),(145,1,'{\"role\":\"1\",\"roleText\":\"Administrador\",\"name\":\"Administrador de la plataforma\"}','::1','Chrome 68.0.3416.0','Mozilla/5.0 (Windows NT 10.0; Win64; x64) AppleWebKit/537.36 (KHTML, like Gecko) Chrome/68.0.3416.0 Safari/537.36','Windows 10','2018-09-03 20:24:03'),(146,29,'{\"role\":\"3\",\"roleText\":\"Alumno\",\"name\":\"Usuario\"}','::1','Chrome 68.0.3416.0','Mozilla/5.0 (Windows NT 10.0; Win64; x64) AppleWebKit/537.36 (KHTML, like Gecko) Chrome/68.0.3416.0 Safari/537.36','Windows 10','2018-09-03 20:51:36'),(147,29,'{\"role\":\"3\",\"roleText\":\"Alumno\",\"name\":\"Usuario\"}','::1','Chrome 68.0.3416.0','Mozilla/5.0 (Windows NT 10.0; Win64; x64) AppleWebKit/537.36 (KHTML, like Gecko) Chrome/68.0.3416.0 Safari/537.36','Windows 10','2018-09-03 21:13:52'),(148,29,'{\"role\":\"3\",\"roleText\":\"Alumno\",\"name\":\"Usuario\"}','::1','Chrome 68.0.3416.0','Mozilla/5.0 (Windows NT 10.0; Win64; x64) AppleWebKit/537.36 (KHTML, like Gecko) Chrome/68.0.3416.0 Safari/537.36','Windows 10','2018-09-03 22:03:05'),(149,29,'{\"role\":\"3\",\"roleText\":\"Alumno\",\"name\":\"Usuario\"}','::1','Firefox 61.0','Mozilla/5.0 (Windows NT 10.0; Win64; x64; rv:61.0) Gecko/20100101 Firefox/61.0','Windows 10','2018-09-03 22:23:52'),(150,1,'{\"role\":\"1\",\"roleText\":\"Administrador\",\"name\":\"Administrador de la plataforma\"}','::1','Firefox 61.0','Mozilla/5.0 (Windows NT 10.0; Win64; x64; rv:61.0) Gecko/20100101 Firefox/61.0','Windows 10','2018-09-03 22:33:31'),(151,1,'{\"role\":\"1\",\"roleText\":\"Administrador\",\"name\":\"Administrador de la plataforma\"}','::1','Chrome 68.0.3416.0','Mozilla/5.0 (Windows NT 10.0; Win64; x64) AppleWebKit/537.36 (KHTML, like Gecko) Chrome/68.0.3416.0 Safari/537.36','Windows 10','2018-09-04 02:32:19'),(152,1,'{\"role\":\"1\",\"roleText\":\"Administrador\",\"name\":\"Administrador de la plataforma\"}','::1','Chrome 68.0.3416.0','Mozilla/5.0 (Windows NT 10.0; Win64; x64) AppleWebKit/537.36 (KHTML, like Gecko) Chrome/68.0.3416.0 Safari/537.36','Windows 10','2018-09-05 03:26:51'),(153,1,'{\"role\":\"1\",\"roleText\":\"Administrador\",\"name\":\"Administrador de la plataforma\"}','::1','Chrome 68.0.3416.0','Mozilla/5.0 (Windows NT 10.0; Win64; x64) AppleWebKit/537.36 (KHTML, like Gecko) Chrome/68.0.3416.0 Safari/537.36','Windows 10','2018-09-05 03:28:06'),(154,1,'{\"role\":\"1\",\"roleText\":\"Administrador\",\"name\":\"Administrador de la plataforma\"}','::1','Chrome 68.0.3416.0','Mozilla/5.0 (Windows NT 10.0; Win64; x64) AppleWebKit/537.36 (KHTML, like Gecko) Chrome/68.0.3416.0 Safari/537.36','Windows 10','2018-09-05 03:46:33'),(155,1,'{\"role\":\"1\",\"roleText\":\"Administrador\",\"name\":\"Administrador de la plataforma\"}','::1','Chrome 68.0.3416.0','Mozilla/5.0 (Windows NT 10.0; Win64; x64) AppleWebKit/537.36 (KHTML, like Gecko) Chrome/68.0.3416.0 Safari/537.36','Windows 10','2018-09-05 03:54:31'),(156,1,'{\"role\":\"1\",\"roleText\":\"Administrador\",\"name\":\"Administrador de la plataforma\"}','::1','Chrome 68.0.3416.0','Mozilla/5.0 (Windows NT 10.0; Win64; x64) AppleWebKit/537.36 (KHTML, like Gecko) Chrome/68.0.3416.0 Safari/537.36','Windows 10','2018-09-05 03:55:21'),(157,1,'{\"role\":\"1\",\"roleText\":\"Administrador\",\"name\":\"Administrador de la plataforma\"}','::1','Chrome 68.0.3416.0','Mozilla/5.0 (Windows NT 10.0; Win64; x64) AppleWebKit/537.36 (KHTML, like Gecko) Chrome/68.0.3416.0 Safari/537.36','Windows 10','2018-09-05 04:02:50'),(158,29,'{\"role\":\"3\",\"roleText\":\"Alumno\",\"name\":\"Usuario\"}','::1','Chrome 68.0.3416.0','Mozilla/5.0 (Windows NT 10.0; Win64; x64) AppleWebKit/537.36 (KHTML, like Gecko) Chrome/68.0.3416.0 Safari/537.36','Windows 10','2018-09-05 04:39:00'),(159,29,'{\"role\":\"3\",\"roleText\":\"Alumno\",\"name\":\"Usuario\"}','::1','Chrome 68.0.3416.0','Mozilla/5.0 (Windows NT 10.0; Win64; x64) AppleWebKit/537.36 (KHTML, like Gecko) Chrome/68.0.3416.0 Safari/537.36','Windows 10','2018-09-05 04:39:16'),(160,29,'{\"role\":\"3\",\"roleText\":\"Alumno\",\"name\":\"Usuario\"}','::1','Chrome 68.0.3416.0','Mozilla/5.0 (Windows NT 10.0; Win64; x64) AppleWebKit/537.36 (KHTML, like Gecko) Chrome/68.0.3416.0 Safari/537.36','Windows 10','2018-09-05 04:40:41'),(161,29,'{\"role\":\"3\",\"roleText\":\"Alumno\",\"name\":\"Usuario\"}','::1','Chrome 68.0.3416.0','Mozilla/5.0 (Windows NT 10.0; Win64; x64) AppleWebKit/537.36 (KHTML, like Gecko) Chrome/68.0.3416.0 Safari/537.36','Windows 10','2018-09-05 04:42:44'),(162,1,'{\"role\":\"1\",\"roleText\":\"Administrador\",\"name\":\"Administrador de la plataforma\"}','::1','Chrome 68.0.3416.0','Mozilla/5.0 (Windows NT 10.0; Win64; x64) AppleWebKit/537.36 (KHTML, like Gecko) Chrome/68.0.3416.0 Safari/537.36','Windows 10','2018-09-05 18:30:24'),(163,29,'{\"role\":\"3\",\"roleText\":\"Alumno\",\"name\":\"Usuario\"}','::1','Chrome 68.0.3416.0','Mozilla/5.0 (Windows NT 10.0; Win64; x64) AppleWebKit/537.36 (KHTML, like Gecko) Chrome/68.0.3416.0 Safari/537.36','Windows 10','2018-09-06 02:02:33'),(164,29,'{\"role\":\"3\",\"roleText\":\"Alumno\",\"name\":\"Usuario\"}','::1','Chrome 68.0.3416.0','Mozilla/5.0 (Windows NT 10.0; Win64; x64) AppleWebKit/537.36 (KHTML, like Gecko) Chrome/68.0.3416.0 Safari/537.36','Windows 10','2018-09-06 02:03:09'),(165,29,'{\"role\":\"3\",\"roleText\":\"Alumno\",\"name\":\"Usuario\"}','::1','Chrome 68.0.3416.0','Mozilla/5.0 (Windows NT 10.0; Win64; x64) AppleWebKit/537.36 (KHTML, like Gecko) Chrome/68.0.3416.0 Safari/537.36','Windows 10','2018-09-06 09:56:46'),(166,1,'{\"role\":\"1\",\"roleText\":\"Administrador\",\"name\":\"Administrador de la plataforma\"}','::1','Chrome 68.0.3416.0','Mozilla/5.0 (Windows NT 10.0; Win64; x64) AppleWebKit/537.36 (KHTML, like Gecko) Chrome/68.0.3416.0 Safari/537.36','Windows 10','2018-09-06 09:57:29'),(167,29,'{\"role\":\"3\",\"roleText\":\"Alumno\",\"name\":\"Usuario\"}','::1','Firefox 61.0','Mozilla/5.0 (Windows NT 10.0; Win64; x64; rv:61.0) Gecko/20100101 Firefox/61.0','Windows 10','2018-09-10 04:24:31'),(168,1,'{\"role\":\"1\",\"roleText\":\"Administrador\",\"name\":\"Administrador de la plataforma\"}','::1','Chrome 71.0.3557.0','Mozilla/5.0 (Windows NT 10.0; Win64; x64) AppleWebKit/537.36 (KHTML, like Gecko) Chrome/71.0.3557.0 Safari/537.36','Windows 10','2018-09-21 19:35:26'),(169,1,'{\"role\":\"1\",\"roleText\":\"Administrador\",\"name\":\"Administrador de la plataforma\"}','::1','Chrome 71.0.3557.0','Mozilla/5.0 (Windows NT 10.0; Win64; x64) AppleWebKit/537.36 (KHTML, like Gecko) Chrome/71.0.3557.0 Safari/537.36','Windows 10','2018-09-22 02:42:00'),(170,1,'{\"role\":\"1\",\"roleText\":\"Administrador\",\"name\":\"Administrador de la plataforma\"}','::1','Chrome 71.0.3557.0','Mozilla/5.0 (Windows NT 10.0; Win64; x64) AppleWebKit/537.36 (KHTML, like Gecko) Chrome/71.0.3557.0 Safari/537.36','Windows 10','2018-09-22 19:19:27'),(171,1,'{\"role\":\"1\",\"roleText\":\"Administrador\",\"name\":\"Administrador de la plataforma\"}','::1','Chrome 71.0.3557.0','Mozilla/5.0 (Windows NT 10.0; Win64; x64) AppleWebKit/537.36 (KHTML, like Gecko) Chrome/71.0.3557.0 Safari/537.36','Windows 10','2018-09-23 17:53:22'),(172,29,'{\"role\":\"3\",\"roleText\":\"Alumno\",\"name\":\"Usuario\"}','::1','Firefox 62.0','Mozilla/5.0 (Windows NT 10.0; Win64; x64; rv:62.0) Gecko/20100101 Firefox/62.0','Windows 10','2018-09-25 16:15:52'),(173,1,'{\"role\":\"1\",\"roleText\":\"Administrador\",\"name\":\"Administrador de la plataforma\"}','172.18.0.1','Firefox 64.0','Mozilla/5.0 (X11; Ubuntu; Linux x86_64; rv:64.0) Gecko/20100101 Firefox/64.0','Linux','2019-01-13 23:43:24');
/*!40000 ALTER TABLE `tbl_last_login` ENABLE KEYS */;
UNLOCK TABLES;

--
-- Table structure for table `tbl_reset_password`
--

DROP TABLE IF EXISTS `tbl_reset_password`;
/*!40101 SET @saved_cs_client     = @@character_set_client */;
/*!40101 SET character_set_client = utf8 */;
CREATE TABLE `tbl_reset_password` (
  `id` bigint(20) NOT NULL AUTO_INCREMENT,
  `email` varchar(128) NOT NULL,
  `activation_id` varchar(32) NOT NULL,
  `agent` varchar(512) NOT NULL,
  `client_ip` varchar(32) NOT NULL,
  `isDeleted` tinyint(4) NOT NULL DEFAULT '0',
  `createdBy` bigint(20) NOT NULL DEFAULT '1',
  `createdDtm` datetime NOT NULL,
  `updatedBy` bigint(20) DEFAULT NULL,
  `updatedDtm` datetime DEFAULT NULL,
  PRIMARY KEY (`id`)
) ENGINE=InnoDB AUTO_INCREMENT=5 DEFAULT CHARSET=latin1;
/*!40101 SET character_set_client = @saved_cs_client */;

--
-- Dumping data for table `tbl_reset_password`
--

LOCK TABLES `tbl_reset_password` WRITE;
/*!40000 ALTER TABLE `tbl_reset_password` DISABLE KEYS */;
INSERT INTO `tbl_reset_password` VALUES (1,'admin@example.com','eM03tqxPrFyRSp9','Chrome 68.0.3416.0','::1',0,1,'2018-05-23 19:34:48',NULL,NULL),(2,'admin@example.com','a3vpisTLHg07QSf','Chrome 68.0.3416.0','::1',0,1,'2018-05-23 19:34:56',NULL,NULL),(3,'employee@example.com','D3zQ2Xy5wme9Vsf','Chrome 68.0.3416.0','::1',0,1,'2018-05-23 19:35:20',NULL,NULL),(4,'employee@example.com','WsSRyDgeCFpnAJX','Chrome 68.0.3416.0','::1',0,1,'2018-05-23 20:25:29',NULL,NULL);
/*!40000 ALTER TABLE `tbl_reset_password` ENABLE KEYS */;
UNLOCK TABLES;

--
-- Table structure for table `tbl_roles`
--

DROP TABLE IF EXISTS `tbl_roles`;
/*!40101 SET @saved_cs_client     = @@character_set_client */;
/*!40101 SET character_set_client = utf8 */;
CREATE TABLE `tbl_roles` (
  `roleId` tinyint(4) NOT NULL AUTO_INCREMENT COMMENT 'role id',
  `role` varchar(50) NOT NULL COMMENT 'role text',
  PRIMARY KEY (`roleId`)
) ENGINE=MyISAM AUTO_INCREMENT=4 DEFAULT CHARSET=utf8;
/*!40101 SET character_set_client = @saved_cs_client */;

--
-- Dumping data for table `tbl_roles`
--

LOCK TABLES `tbl_roles` WRITE;
/*!40000 ALTER TABLE `tbl_roles` DISABLE KEYS */;
INSERT INTO `tbl_roles` VALUES (1,'Administrador'),(3,'Alumno');
/*!40000 ALTER TABLE `tbl_roles` ENABLE KEYS */;
UNLOCK TABLES;

--
-- Table structure for table `tbl_users`
--

DROP TABLE IF EXISTS `tbl_users`;
/*!40101 SET @saved_cs_client     = @@character_set_client */;
/*!40101 SET character_set_client = utf8 */;
CREATE TABLE `tbl_users` (
  `userId` int(11) NOT NULL AUTO_INCREMENT,
  `email` varchar(128) NOT NULL COMMENT 'login email',
  `password` varchar(128) NOT NULL COMMENT 'hashed login password',
  `name` varchar(128) DEFAULT NULL COMMENT 'full name of user',
  `mobile` varchar(20) DEFAULT NULL,
  `roleId` tinyint(4) NOT NULL,
  `isDeleted` tinyint(4) NOT NULL DEFAULT '0',
  `createdBy` int(11) NOT NULL,
  `createdDtm` datetime NOT NULL,
  `updatedBy` int(11) DEFAULT NULL,
  `updatedDtm` datetime DEFAULT NULL,
  PRIMARY KEY (`userId`)
) ENGINE=MyISAM AUTO_INCREMENT=36 DEFAULT CHARSET=utf8;
/*!40101 SET character_set_client = @saved_cs_client */;

--
-- Dumping data for table `tbl_users`
--

LOCK TABLES `tbl_users` WRITE;
/*!40000 ALTER TABLE `tbl_users` DISABLE KEYS */;
INSERT INTO `tbl_users` VALUES (1,'felipe.herreramora@alumnos.uv.cl','$2y$10$Z0kERR20ilN6NokatZdFuOl.7aNpZojxtkKOop9o3zaInIxNxauSW','Administrador de la plataforma','9890098900',1,0,0,'2015-07-01 18:56:49',1,'2018-07-02 03:53:14'),(31,'asd2@asd.asd','$2y$10$lfNXr/ndlbe9BRW1nbfzDegk97IVZfbMAxwPH6DcyiP5MSoB9ZPyW','Asd11111','3245675432',3,1,1,'2018-07-02 04:02:25',1,'2018-09-05 07:13:53'),(32,'asd@asd2.asd','$2y$10$gFNI5383Ck37OfsHBzeVMePlz1Vwwmf9Q7wGSmNGZgMlYQnxUpOIy','Asd','1231231231',3,0,1,'2018-09-05 07:07:03',NULL,NULL),(33,'juan@uv.cl','$2y$10$uGr6cmP4PR2dw3AAsLrakOd7LICSmldGYe3oQSHZTbua1ezba932W','Juanjuan','1231231231',3,1,1,'2018-09-06 04:35:38',1,'2018-09-06 04:52:53'),(34,'juan2@uv.cl','$2y$10$nUHr3W71RvaJ1AumqoZfe.t2AEI9m.l4RBvKhFgFos55cpX4bOXZW','Juan Perez A.','1231231231',3,1,1,'2018-09-06 04:50:56',1,'2018-09-06 04:51:21'),(35,'juan2@uv.cl','$2y$10$ZakciflPWuqRsjRp5fwaiu/GiM8i3TrtZah3dPIjCx0vZqkPTGsK6','Juan Perez','1231231231',3,0,1,'2018-09-06 04:52:30',NULL,NULL),(29,'asd@asd.asd','$2y$10$YIu0UcrXUld1WS9OkQy88.mViY.AMJU8ag0Eu9Nu9u/gl1p/FkrGO','Usuario','1231231231',3,0,1,'2018-07-02 03:23:18',29,'2018-07-02 03:28:00');
/*!40000 ALTER TABLE `tbl_users` ENABLE KEYS */;
UNLOCK TABLES;
/*!40103 SET TIME_ZONE=@OLD_TIME_ZONE */;

/*!40101 SET SQL_MODE=@OLD_SQL_MODE */;
/*!40014 SET FOREIGN_KEY_CHECKS=@OLD_FOREIGN_KEY_CHECKS */;
/*!40014 SET UNIQUE_CHECKS=@OLD_UNIQUE_CHECKS */;
/*!40101 SET CHARACTER_SET_CLIENT=@OLD_CHARACTER_SET_CLIENT */;
/*!40101 SET CHARACTER_SET_RESULTS=@OLD_CHARACTER_SET_RESULTS */;
/*!40101 SET COLLATION_CONNECTION=@OLD_COLLATION_CONNECTION */;
/*!40111 SET SQL_NOTES=@OLD_SQL_NOTES */;

-- Dump completed on 2019-01-13 21:18:08
